OBITOS,CO_UF_IBGE,NOME_UF,ANO_REF,MES_REF
266.0,11,Rondônia,2023,12
99.0,12,Acre,2023,12
357.0,13,Amazonas,2023,12
102.0,14,Roraima,2023,12
1121.0,15,Pará,2023,12
140.0,16,Amapá,2023,12
280.0,17,Tocantins,2023,12
1137.0,21,Maranhão,2023,12
778.0,22,Piauí,2023,12
1806.0,23,Ceará,2023,12
550.0,24,Rio Grande do Norte,2023,12
807.0,25,Paraíba,2023,12
2267.0,26,Pernambuco,2023,12
697.0,27,Alagoas,2023,12
426.0,28,Sergipe,2023,12
2872.0,29,Bahia,2023,12
5803.0,31,Minas Gerais,2023,12
929.0,32,Espírito Santo,2023,12
4760.0,33,Rio de Janeiro,2023,12
11292.0,35,São Paulo,2023,12
3225.0,41,Paraná,2023,12
1878.0,42,Santa Catarina,2023,12
3240.0,43,Rio Grande do Sul,2023,12
762.0,50,Mato Grosso do Sul,2023,12
512.0,51,Mato Grosso,2023,12
1243.0,52,Goiás,2023,12
594.0,53,Distrito Federal,2023,12
291.0,11,Rondônia,2023,11
177.0,12,Acre,2023,11
393.0,13,Amazonas,2023,11
128.0,14,Roraima,2023,11
1167.0,15,Pará,2023,11
127.0,16,Amapá,2023,11
259.0,17,Tocantins,2023,11
1189.0,21,Maranhão,2023,11
666.0,22,Piauí,2023,11
1874.0,23,Ceará,2023,11
647.0,24,Rio Grande do Norte,2023,11
837.0,25,Paraíba,2023,11
2137.0,26,Pernambuco,2023,11
684.0,27,Alagoas,2023,11
500.0,28,Sergipe,2023,11
2741.0,29,Bahia,2023,11
5949.0,31,Minas Gerais,2023,11
968.0,32,Espírito Santo,2023,11
5043.0,33,Rio de Janeiro,2023,11
11636.0,35,São Paulo,2023,11
3264.0,41,Paraná,2023,11
1960.0,42,Santa Catarina,2023,11
3519.0,43,Rio Grande do Sul,2023,11
759.0,50,Mato Grosso do Sul,2023,11
593.0,51,Mato Grosso,2023,11
1285.0,52,Goiás,2023,11
592.0,53,Distrito Federal,2023,11
282.0,11,Rondônia,2023,10
94.0,12,Acre,2023,10
479.0,13,Amazonas,2023,10
104.0,14,Roraima,2023,10
1102.0,15,Pará,2023,10
96.0,16,Amapá,2023,10
223.0,17,Tocantins,2023,10
1032.0,21,Maranhão,2023,10
696.0,22,Piauí,2023,10
1779.0,23,Ceará,2023,10
680.0,24,Rio Grande do Norte,2023,10
861.0,25,Paraíba,2023,10
2522.0,26,Pernambuco,2023,10
681.0,27,Alagoas,2023,10
497.0,28,Sergipe,2023,10
2911.0,29,Bahia,2023,10
5868.0,31,Minas Gerais,2023,10
1090.0,32,Espírito Santo,2023,10
5053.0,33,Rio de Janeiro,2023,10
11365.0,35,São Paulo,2023,10
3215.0,41,Paraná,2023,10
1892.0,42,Santa Catarina,2023,10
3610.0,43,Rio Grande do Sul,2023,10
730.0,50,Mato Grosso do Sul,2023,10
562.0,51,Mato Grosso,2023,10
1263.0,52,Goiás,2023,10
602.0,53,Distrito Federal,2023,10
344.0,11,Rondônia,2023,9
113.0,12,Acre,2023,9
446.0,13,Amazonas,2023,9
105.0,14,Roraima,2023,9
1175.0,15,Pará,2023,9
114.0,16,Amapá,2023,9
270.0,17,Tocantins,2023,9
1163.0,21,Maranhão,2023,9
752.0,22,Piauí,2023,9
1826.0,23,Ceará,2023,9
619.0,24,Rio Grande do Norte,2023,9
884.0,25,Paraíba,2023,9
1853.0,26,Pernambuco,2023,9
675.0,27,Alagoas,2023,9
468.0,28,Sergipe,2023,9
2888.0,29,Bahia,2023,9
5709.0,31,Minas Gerais,2023,9
999.0,32,Espírito Santo,2023,9
5201.0,33,Rio de Janeiro,2023,9
11644.0,35,São Paulo,2023,9
3322.0,41,Paraná,2023,9
1956.0,42,Santa Catarina,2023,9
3569.0,43,Rio Grande do Sul,2023,9
664.0,50,Mato Grosso do Sul,2023,9
626.0,51,Mato Grosso,2023,9
1257.0,52,Goiás,2023,9
578.0,53,Distrito Federal,2023,9
362.0,11,Rondônia,2023,8
161.0,12,Acre,2023,8
657.0,13,Amazonas,2023,8
144.0,14,Roraima,2023,8
1261.0,15,Pará,2023,8
128.0,16,Amapá,2023,8
270.0,17,Tocantins,2023,8
1076.0,21,Maranhão,2023,8
714.0,22,Piauí,2023,8
1848.0,23,Ceará,2023,8
563.0,24,Rio Grande do Norte,2023,8
951.0,25,Paraíba,2023,8
2313.0,26,Pernambuco,2023,8
732.0,27,Alagoas,2023,8
492.0,28,Sergipe,2023,8
3036.0,29,Bahia,2023,8
5907.0,31,Minas Gerais,2023,8
1082.0,32,Espírito Santo,2023,8
4786.0,33,Rio de Janeiro,2023,8
12351.0,35,São Paulo,2023,8
3590.0,41,Paraná,2023,8
1993.0,42,Santa Catarina,2023,8
3836.0,43,Rio Grande do Sul,2023,8
832.0,50,Mato Grosso do Sul,2023,8
596.0,51,Mato Grosso,2023,8
1295.0,52,Goiás,2023,8
573.0,53,Distrito Federal,2023,8
351.0,11,Rondônia,2023,1
108.0,12,Acre,2023,1
684.0,13,Amazonas,2023,1
113.0,14,Roraima,2023,1
1217.0,15,Pará,2023,1
123.0,16,Amapá,2023,1
252.0,17,Tocantins,2023,1
1159.0,21,Maranhão,2023,1
702.0,22,Piauí,2023,1
1924.0,23,Ceará,2023,1
649.0,24,Rio Grande do Norte,2023,1
904.0,25,Paraíba,2023,1
2182.0,26,Pernambuco,2023,1
654.0,27,Alagoas,2023,1
476.0,28,Sergipe,2023,1
2771.0,29,Bahia,2023,1
5536.0,31,Minas Gerais,2023,1
987.0,32,Espírito Santo,2023,1
4757.0,33,Rio de Janeiro,2023,1
11144.0,35,São Paulo,2023,1
3283.0,41,Paraná,2023,1
2039.0,42,Santa Catarina,2023,1
3455.0,43,Rio Grande do Sul,2023,1
671.0,50,Mato Grosso do Sul,2023,1
530.0,51,Mato Grosso,2023,1
1288.0,52,Goiás,2023,1
549.0,53,Distrito Federal,2023,1
211.0,11,Rondônia,2023,2
141.0,12,Acre,2023,2
619.0,13,Amazonas,2023,2
120.0,14,Roraima,2023,2
1189.0,15,Pará,2023,2
132.0,16,Amapá,2023,2
221.0,17,Tocantins,2023,2
1172.0,21,Maranhão,2023,2
595.0,22,Piauí,2023,2
1811.0,23,Ceará,2023,2
533.0,24,Rio Grande do Norte,2023,2
862.0,25,Paraíba,2023,2
2035.0,26,Pernambuco,2023,2
596.0,27,Alagoas,2023,2
411.0,28,Sergipe,2023,2
2709.0,29,Bahia,2023,2
4984.0,31,Minas Gerais,2023,2
781.0,32,Espírito Santo,2023,2
4145.0,33,Rio de Janeiro,2023,2
9883.0,35,São Paulo,2023,2
2908.0,41,Paraná,2023,2
1938.0,42,Santa Catarina,2023,2
3082.0,43,Rio Grande do Sul,2023,2
690.0,50,Mato Grosso do Sul,2023,2
528.0,51,Mato Grosso,2023,2
1129.0,52,Goiás,2023,2
507.0,53,Distrito Federal,2023,2
417.0,11,Rondônia,2023,3
152.0,12,Acre,2023,3
665.0,13,Amazonas,2023,3
175.0,14,Roraima,2023,3
1269.0,15,Pará,2023,3
126.0,16,Amapá,2023,3
192.0,17,Tocantins,2023,3
1092.0,21,Maranhão,2023,3
661.0,22,Piauí,2023,3
1848.0,23,Ceará,2023,3
621.0,24,Rio Grande do Norte,2023,3
927.0,25,Paraíba,2023,3
2349.0,26,Pernambuco,2023,3
598.0,27,Alagoas,2023,3
424.0,28,Sergipe,2023,3
2672.0,29,Bahia,2023,3
5663.0,31,Minas Gerais,2023,3
974.0,32,Espírito Santo,2023,3
4715.0,33,Rio de Janeiro,2023,3
11363.0,35,São Paulo,2023,3
3162.0,41,Paraná,2023,3
1846.0,42,Santa Catarina,2023,3
3289.0,43,Rio Grande do Sul,2023,3
712.0,50,Mato Grosso do Sul,2023,3
592.0,51,Mato Grosso,2023,3
1359.0,52,Goiás,2023,3
615.0,53,Distrito Federal,2023,3
347.0,11,Rondônia,2023,4
183.0,12,Acre,2023,4
624.0,13,Amazonas,2023,4
166.0,14,Roraima,2023,4
1181.0,15,Pará,2023,4
147.0,16,Amapá,2023,4
319.0,17,Tocantins,2023,4
1107.0,21,Maranhão,2023,4
618.0,22,Piauí,2023,4
1926.0,23,Ceará,2023,4
540.0,24,Rio Grande do Norte,2023,4
897.0,25,Paraíba,2023,4
2105.0,26,Pernambuco,2023,4
582.0,27,Alagoas,2023,4
439.0,28,Sergipe,2023,4
2822.0,29,Bahia,2023,4
5409.0,31,Minas Gerais,2023,4
909.0,32,Espírito Santo,2023,4
4234.0,33,Rio de Janeiro,2023,4
10894.0,35,São Paulo,2023,4
2968.0,41,Paraná,2023,4
1873.0,42,Santa Catarina,2023,4
3242.0,43,Rio Grande do Sul,2023,4
756.0,50,Mato Grosso do Sul,2023,4
595.0,51,Mato Grosso,2023,4
1274.0,52,Goiás,2023,4
564.0,53,Distrito Federal,2023,4
381.0,11,Rondônia,2023,5
199.0,12,Acre,2023,5
659.0,13,Amazonas,2023,5
118.0,14,Roraima,2023,5
1194.0,15,Pará,2023,5
157.0,16,Amapá,2023,5
380.0,17,Tocantins,2023,5
1242.0,21,Maranhão,2023,5
663.0,22,Piauí,2023,5
2094.0,23,Ceará,2023,5
600.0,24,Rio Grande do Norte,2023,5
940.0,25,Paraíba,2023,5
2333.0,26,Pernambuco,2023,5
640.0,27,Alagoas,2023,5
457.0,28,Sergipe,2023,5
2869.0,29,Bahia,2023,5
5881.0,31,Minas Gerais,2023,5
933.0,32,Espírito Santo,2023,5
4577.0,33,Rio de Janeiro,2023,5
11361.0,35,São Paulo,2023,5
3353.0,41,Paraná,2023,5
2089.0,42,Santa Catarina,2023,5
3584.0,43,Rio Grande do Sul,2023,5
706.0,50,Mato Grosso do Sul,2023,5
635.0,51,Mato Grosso,2023,5
1375.0,52,Goiás,2023,5
547.0,53,Distrito Federal,2023,5
329.0,11,Rondônia,2023,7
178.0,12,Acre,2023,7
757.0,13,Amazonas,2023,7
97.0,14,Roraima,2023,7
1215.0,15,Pará,2023,7
114.0,16,Amapá,2023,7
269.0,17,Tocantins,2023,7
1228.0,21,Maranhão,2023,7
741.0,22,Piauí,2023,7
1922.0,23,Ceará,2023,7
653.0,24,Rio Grande do Norte,2023,7
993.0,25,Paraíba,2023,7
2511.0,26,Pernambuco,2023,7
761.0,27,Alagoas,2023,7
504.0,28,Sergipe,2023,7
3277.0,29,Bahia,2023,7
6082.0,31,Minas Gerais,2023,7
996.0,32,Espírito Santo,2023,7
4948.0,33,Rio de Janeiro,2023,7
12447.0,35,São Paulo,2023,7
3455.0,41,Paraná,2023,7
2088.0,42,Santa Catarina,2023,7
3963.0,43,Rio Grande do Sul,2023,7
702.0,50,Mato Grosso do Sul,2023,7
582.0,51,Mato Grosso,2023,7
1365.0,52,Goiás,2023,7
613.0,53,Distrito Federal,2023,7
325.0,11,Rondônia,2023,6
181.0,12,Acre,2023,6
706.0,13,Amazonas,2023,6
78.0,14,Roraima,2023,6
1190.0,15,Pará,2023,6
125.0,16,Amapá,2023,6
259.0,17,Tocantins,2023,6
1176.0,21,Maranhão,2023,6
653.0,22,Piauí,2023,6
1902.0,23,Ceará,2023,6
646.0,24,Rio Grande do Norte,2023,6
774.0,25,Paraíba,2023,6
2211.0,26,Pernambuco,2023,6
626.0,27,Alagoas,2023,6
467.0,28,Sergipe,2023,6
2968.0,29,Bahia,2023,6
5891.0,31,Minas Gerais,2023,6
1010.0,32,Espírito Santo,2023,6
4962.0,33,Rio de Janeiro,2023,6
12420.0,35,São Paulo,2023,6
3316.0,41,Paraná,2023,6
2143.0,42,Santa Catarina,2023,6
3702.0,43,Rio Grande do Sul,2023,6
695.0,50,Mato Grosso do Sul,2023,6
628.0,51,Mato Grosso,2023,6
1171.0,52,Goiás,2023,6
629.0,53,Distrito Federal,2023,6
306.0,11,Rondônia,2024,12
123.0,12,Acre,2024,12
413.0,13,Amazonas,2024,12
60.0,14,Roraima,2024,12
1227.0,15,Pará,2024,12
109.0,16,Amapá,2024,12
268.0,17,Tocantins,2024,12
1230.0,21,Maranhão,2024,12
655.0,22,Piauí,2024,12
1930.0,23,Ceará,2024,12
645.0,24,Rio Grande do Norte,2024,12
1041.0,25,Paraíba,2024,12
2341.0,26,Pernambuco,2024,12
643.0,27,Alagoas,2024,12
470.0,28,Sergipe,2024,12
2702.0,29,Bahia,2024,12
5723.0,31,Minas Gerais,2024,12
1002.0,32,Espírito Santo,2024,12
4391.0,33,Rio de Janeiro,2024,12
11627.0,35,São Paulo,2024,12
3055.0,41,Paraná,2024,12
2041.0,42,Santa Catarina,2024,12
3423.0,43,Rio Grande do Sul,2024,12
661.0,50,Mato Grosso do Sul,2024,12
617.0,51,Mato Grosso,2024,12
1332.0,52,Goiás,2024,12
525.0,53,Distrito Federal,2024,12
301.0,11,Rondônia,2024,11
151.0,12,Acre,2024,11
503.0,13,Amazonas,2024,11
80.0,14,Roraima,2024,11
1255.0,15,Pará,2024,11
112.0,16,Amapá,2024,11
279.0,17,Tocantins,2024,11
1150.0,21,Maranhão,2024,11
624.0,22,Piauí,2024,11
1746.0,23,Ceará,2024,11
705.0,24,Rio Grande do Norte,2024,11
917.0,25,Paraíba,2024,11
2108.0,26,Pernambuco,2024,11
564.0,27,Alagoas,2024,11
471.0,28,Sergipe,2024,11
3038.0,29,Bahia,2024,11
5606.0,31,Minas Gerais,2024,11
964.0,32,Espírito Santo,2024,11
4516.0,33,Rio de Janeiro,2024,11
11445.0,35,São Paulo,2024,11
3385.0,41,Paraná,2024,11
1876.0,42,Santa Catarina,2024,11
3708.0,43,Rio Grande do Sul,2024,11
726.0,50,Mato Grosso do Sul,2024,11
607.0,51,Mato Grosso,2024,11
1181.0,52,Goiás,2024,11
554.0,53,Distrito Federal,2024,11
313.0,11,Rondônia,2024,10
159.0,12,Acre,2024,10
585.0,13,Amazonas,2024,10
108.0,14,Roraima,2024,10
1264.0,15,Pará,2024,10
120.0,16,Amapá,2024,10
289.0,17,Tocantins,2024,10
1243.0,21,Maranhão,2024,10
653.0,22,Piauí,2024,10
2045.0,23,Ceará,2024,10
664.0,24,Rio Grande do Norte,2024,10
1084.0,25,Paraíba,2024,10
2445.0,26,Pernambuco,2024,10
694.0,27,Alagoas,2024,10
596.0,28,Sergipe,2024,10
3008.0,29,Bahia,2024,10
5986.0,31,Minas Gerais,2024,10
1080.0,32,Espírito Santo,2024,10
4668.0,33,Rio de Janeiro,2024,10
12115.0,35,São Paulo,2024,10
3733.0,41,Paraná,2024,10
2307.0,42,Santa Catarina,2024,10
4105.0,43,Rio Grande do Sul,2024,10
858.0,50,Mato Grosso do Sul,2024,10
691.0,51,Mato Grosso,2024,10
1320.0,52,Goiás,2024,10
571.0,53,Distrito Federal,2024,10
312.0,11,Rondônia,2024,9
149.0,12,Acre,2024,9
694.0,13,Amazonas,2024,9
94.0,14,Roraima,2024,9
1159.0,15,Pará,2024,9
103.0,16,Amapá,2024,9
299.0,17,Tocantins,2024,9
1186.0,21,Maranhão,2024,9
679.0,22,Piauí,2024,9
2113.0,23,Ceará,2024,9
670.0,24,Rio Grande do Norte,2024,9
1023.0,25,Paraíba,2024,9
2357.0,26,Pernambuco,2024,9
627.0,27,Alagoas,2024,9
434.0,28,Sergipe,2024,9
2990.0,29,Bahia,2024,9
6060.0,31,Minas Gerais,2024,9
1014.0,32,Espírito Santo,2024,9
4731.0,33,Rio de Janeiro,2024,9
12478.0,35,São Paulo,2024,9
3820.0,41,Paraná,2024,9
2251.0,42,Santa Catarina,2024,9
3790.0,43,Rio Grande do Sul,2024,9
837.0,50,Mato Grosso do Sul,2024,9
688.0,51,Mato Grosso,2024,9
1377.0,52,Goiás,2024,9
574.0,53,Distrito Federal,2024,9
334.0,11,Rondônia,2024,8
147.0,12,Acre,2024,8
581.0,13,Amazonas,2024,8
106.0,14,Roraima,2024,8
1242.0,15,Pará,2024,8
105.0,16,Amapá,2024,8
297.0,17,Tocantins,2024,8
1119.0,21,Maranhão,2024,8
678.0,22,Piauí,2024,8
2066.0,23,Ceará,2024,8
637.0,24,Rio Grande do Norte,2024,8
1064.0,25,Paraíba,2024,8
2534.0,26,Pernambuco,2024,8
660.0,27,Alagoas,2024,8
445.0,28,Sergipe,2024,8
3244.0,29,Bahia,2024,8
6313.0,31,Minas Gerais,2024,8
983.0,32,Espírito Santo,2024,8
4980.0,33,Rio de Janeiro,2024,8
13070.0,35,São Paulo,2024,8
3990.0,41,Paraná,2024,8
2379.0,42,Santa Catarina,2024,8
4225.0,43,Rio Grande do Sul,2024,8
820.0,50,Mato Grosso do Sul,2024,8
799.0,51,Mato Grosso,2024,8
1385.0,52,Goiás,2024,8
630.0,53,Distrito Federal,2024,8
388.0,11,Rondônia,2024,7
183.0,12,Acre,2024,7
586.0,13,Amazonas,2024,7
114.0,14,Roraima,2024,7
1330.0,15,Pará,2024,7
141.0,16,Amapá,2024,7
294.0,17,Tocantins,2024,7
1230.0,21,Maranhão,2024,7
712.0,22,Piauí,2024,7
1991.0,23,Ceará,2024,7
756.0,24,Rio Grande do Norte,2024,7
1080.0,25,Paraíba,2024,7
2365.0,26,Pernambuco,2024,7
668.0,27,Alagoas,2024,7
465.0,28,Sergipe,2024,7
3336.0,29,Bahia,2024,7
6371.0,31,Minas Gerais,2024,7
1059.0,32,Espírito Santo,2024,7
4947.0,33,Rio de Janeiro,2024,7
13426.0,35,São Paulo,2024,7
3779.0,41,Paraná,2024,7
2460.0,42,Santa Catarina,2024,7
4283.0,43,Rio Grande do Sul,2024,7
805.0,50,Mato Grosso do Sul,2024,7
746.0,51,Mato Grosso,2024,7
1454.0,52,Goiás,2024,7
615.0,53,Distrito Federal,2024,7
371.0,11,Rondônia,2024,6
137.0,12,Acre,2024,6
654.0,13,Amazonas,2024,6
102.0,14,Roraima,2024,6
1246.0,15,Pará,2024,6
120.0,16,Amapá,2024,6
288.0,17,Tocantins,2024,6
1205.0,21,Maranhão,2024,6
686.0,22,Piauí,2024,6
2077.0,23,Ceará,2024,6
657.0,24,Rio Grande do Norte,2024,6
1042.0,25,Paraíba,2024,6
2382.0,26,Pernambuco,2024,6
647.0,27,Alagoas,2024,6
440.0,28,Sergipe,2024,6
2925.0,29,Bahia,2024,6
6192.0,31,Minas Gerais,2024,6
1070.0,32,Espírito Santo,2024,6
4915.0,33,Rio de Janeiro,2024,6
13094.0,35,São Paulo,2024,6
3803.0,41,Paraná,2024,6
2262.0,42,Santa Catarina,2024,6
4043.0,43,Rio Grande do Sul,2024,6
785.0,50,Mato Grosso do Sul,2024,6
678.0,51,Mato Grosso,2024,6
1331.0,52,Goiás,2024,6
562.0,53,Distrito Federal,2024,6
353.0,11,Rondônia,2024,5
145.0,12,Acre,2024,5
683.0,13,Amazonas,2024,5
97.0,14,Roraima,2024,5
1250.0,15,Pará,2024,5
111.0,16,Amapá,2024,5
349.0,17,Tocantins,2024,5
1355.0,21,Maranhão,2024,5
784.0,22,Piauí,2024,5
2172.0,23,Ceará,2024,5
604.0,24,Rio Grande do Norte,2024,5
1055.0,25,Paraíba,2024,5
2421.0,26,Pernambuco,2024,5
707.0,27,Alagoas,2024,5
455.0,28,Sergipe,2024,5
3174.0,29,Bahia,2024,5
6100.0,31,Minas Gerais,2024,5
1027.0,32,Espírito Santo,2024,5
4719.0,33,Rio de Janeiro,2024,5
13060.0,35,São Paulo,2024,5
3597.0,41,Paraná,2024,5
2290.0,42,Santa Catarina,2024,5
3907.0,43,Rio Grande do Sul,2024,5
678.0,50,Mato Grosso do Sul,2024,5
736.0,51,Mato Grosso,2024,5
1405.0,52,Goiás,2024,5
653.0,53,Distrito Federal,2024,5
297.0,11,Rondônia,2024,4
150.0,12,Acre,2024,4
692.0,13,Amazonas,2024,4
77.0,14,Roraima,2024,4
1307.0,15,Pará,2024,4
116.0,16,Amapá,2024,4
333.0,17,Tocantins,2024,4
1218.0,21,Maranhão,2024,4
818.0,22,Piauí,2024,4
2144.0,23,Ceará,2024,4
657.0,24,Rio Grande do Norte,2024,4
1108.0,25,Paraíba,2024,4
2454.0,26,Pernambuco,2024,4
681.0,27,Alagoas,2024,4
480.0,28,Sergipe,2024,4
3300.0,29,Bahia,2024,4
6366.0,31,Minas Gerais,2024,4
1001.0,32,Espírito Santo,2024,4
4554.0,33,Rio de Janeiro,2024,4
12619.0,35,São Paulo,2024,4
3332.0,41,Paraná,2024,4
2074.0,42,Santa Catarina,2024,4
3554.0,43,Rio Grande do Sul,2024,4
693.0,50,Mato Grosso do Sul,2024,4
645.0,51,Mato Grosso,2024,4
1427.0,52,Goiás,2024,4
651.0,53,Distrito Federal,2024,4
324.0,11,Rondônia,2024,3
182.0,12,Acre,2024,3
626.0,13,Amazonas,2024,3
112.0,14,Roraima,2024,3
1267.0,15,Pará,2024,3
127.0,16,Amapá,2024,3
301.0,17,Tocantins,2024,3
1206.0,21,Maranhão,2024,3
703.0,22,Piauí,2024,3
1822.0,23,Ceará,2024,3
622.0,24,Rio Grande do Norte,2024,3
1243.0,25,Paraíba,2024,3
2415.0,26,Pernambuco,2024,3
628.0,27,Alagoas,2024,3
541.0,28,Sergipe,2024,3
3177.0,29,Bahia,2024,3
6265.0,31,Minas Gerais,2024,3
970.0,32,Espírito Santo,2024,3
4717.0,33,Rio de Janeiro,2024,3
12230.0,35,São Paulo,2024,3
3430.0,41,Paraná,2024,3
1915.0,42,Santa Catarina,2024,3
3482.0,43,Rio Grande do Sul,2024,3
655.0,50,Mato Grosso do Sul,2024,3
617.0,51,Mato Grosso,2024,3
1306.0,52,Goiás,2024,3
610.0,53,Distrito Federal,2024,3
286.0,11,Rondônia,2024,2
153.0,12,Acre,2024,2
566.0,13,Amazonas,2024,2
83.0,14,Roraima,2024,2
1160.0,15,Pará,2024,2
130.0,16,Amapá,2024,2
324.0,17,Tocantins,2024,2
1098.0,21,Maranhão,2024,2
634.0,22,Piauí,2024,2
1735.0,23,Ceará,2024,2
671.0,24,Rio Grande do Norte,2024,2
1030.0,25,Paraíba,2024,2
2187.0,26,Pernambuco,2024,2
619.0,27,Alagoas,2024,2
486.0,28,Sergipe,2024,2
2884.0,29,Bahia,2024,2
5716.0,31,Minas Gerais,2024,2
890.0,32,Espírito Santo,2024,2
4670.0,33,Rio de Janeiro,2024,2
11080.0,35,São Paulo,2024,2
3223.0,41,Paraná,2024,2
1937.0,42,Santa Catarina,2024,2
3285.0,43,Rio Grande do Sul,2024,2
625.0,50,Mato Grosso do Sul,2024,2
546.0,51,Mato Grosso,2024,2
1176.0,52,Goiás,2024,2
581.0,53,Distrito Federal,2024,2
343.0,11,Rondônia,2024,1
126.0,12,Acre,2024,1
487.0,13,Amazonas,2024,1
90.0,14,Roraima,2024,1
1169.0,15,Pará,2024,1
140.0,16,Amapá,2024,1
302.0,17,Tocantins,2024,1
1293.0,21,Maranhão,2024,1
773.0,22,Piauí,2024,1
1978.0,23,Ceará,2024,1
677.0,24,Rio Grande do Norte,2024,1
976.0,25,Paraíba,2024,1
2228.0,26,Pernambuco,2024,1
638.0,27,Alagoas,2024,1
460.0,28,Sergipe,2024,1
2901.0,29,Bahia,2024,1
5816.0,31,Minas Gerais,2024,1
908.0,32,Espírito Santo,2024,1
4664.0,33,Rio de Janeiro,2024,1
11680.0,35,São Paulo,2024,1
3288.0,41,Paraná,2024,1
2071.0,42,Santa Catarina,2024,1
3585.0,43,Rio Grande do Sul,2024,1
757.0,50,Mato Grosso do Sul,2024,1
622.0,51,Mato Grosso,2024,1
1226.0,52,Goiás,2024,1
653.0,53,Distrito Federal,2024,1
347.0,11,Rondônia,2025,12
104.0,12,Acre,2025,12
601.0,13,Amazonas,2025,12
69.0,14,Roraima,2025,12
1273.0,15,Pará,2025,12
101.0,16,Amapá,2025,12
314.0,17,Tocantins,2025,12
1251.0,21,Maranhão,2025,12
752.0,22,Piauí,2025,12
1924.0,23,Ceará,2025,12
639.0,24,Rio Grande do Norte,2025,12
988.0,25,Paraíba,2025,12
2377.0,26,Pernambuco,2025,12
612.0,27,Alagoas,2025,12
441.0,28,Sergipe,2025,12
2869.0,29,Bahia,2025,12
5501.0,31,Minas Gerais,2025,12
1038.0,32,Espírito Santo,2025,12
4583.0,33,Rio de Janeiro,2025,12
11595.0,35,São Paulo,2025,12
3405.0,41,Paraná,2025,12
2127.0,42,Santa Catarina,2025,12
3442.0,43,Rio Grande do Sul,2025,12
619.0,50,Mato Grosso do Sul,2025,12
593.0,51,Mato Grosso,2025,12
1274.0,52,Goiás,2025,12
576.0,53,Distrito Federal,2025,12
375.0,11,Rondônia,2025,10
159.0,12,Acre,2025,10
811.0,13,Amazonas,2025,10
80.0,14,Roraima,2025,10
1367.0,15,Pará,2025,10
113.0,16,Amapá,2025,10
303.0,17,Tocantins,2025,10
1234.0,21,Maranhão,2025,10
709.0,22,Piauí,2025,10
1946.0,23,Ceará,2025,10
638.0,24,Rio Grande do Norte,2025,10
1091.0,25,Paraíba,2025,10
2386.0,26,Pernambuco,2025,10
703.0,27,Alagoas,2025,10
476.0,28,Sergipe,2025,10
3251.0,29,Bahia,2025,10
5931.0,31,Minas Gerais,2025,10
1138.0,32,Espírito Santo,2025,10
4719.0,33,Rio de Janeiro,2025,10
11999.0,35,São Paulo,2025,10
3577.0,41,Paraná,2025,10
2208.0,42,Santa Catarina,2025,10
3634.0,43,Rio Grande do Sul,2025,10
768.0,50,Mato Grosso do Sul,2025,10
636.0,51,Mato Grosso,2025,10
1394.0,52,Goiás,2025,10
603.0,53,Distrito Federal,2025,10
327.0,11,Rondônia,2025,9
138.0,12,Acre,2025,9
684.0,13,Amazonas,2025,9
106.0,14,Roraima,2025,9
1341.0,15,Pará,2025,9
83.0,16,Amapá,2025,9
431.0,17,Tocantins,2025,9
1289.0,21,Maranhão,2025,9
647.0,22,Piauí,2025,9
2112.0,23,Ceará,2025,9
671.0,24,Rio Grande do Norte,2025,9
1085.0,25,Paraíba,2025,9
2368.0,26,Pernambuco,2025,9
717.0,27,Alagoas,2025,9
575.0,28,Sergipe,2025,9
3325.0,29,Bahia,2025,9
6087.0,31,Minas Gerais,2025,9
1070.0,32,Espírito Santo,2025,9
4963.0,33,Rio de Janeiro,2025,9
12092.0,35,São Paulo,2025,9
3607.0,41,Paraná,2025,9
2247.0,42,Santa Catarina,2025,9
4054.0,43,Rio Grande do Sul,2025,9
753.0,50,Mato Grosso do Sul,2025,9
680.0,51,Mato Grosso,2025,9
1344.0,52,Goiás,2025,9
633.0,53,Distrito Federal,2025,9
365.0,11,Rondônia,2025,11
137.0,12,Acre,2025,11
634.0,13,Amazonas,2025,11
77.0,14,Roraima,2025,11
1296.0,15,Pará,2025,11
127.0,16,Amapá,2025,11
241.0,17,Tocantins,2025,11
1182.0,21,Maranhão,2025,11
612.0,22,Piauí,2025,11
1806.0,23,Ceará,2025,11
653.0,24,Rio Grande do Norte,2025,11
1120.0,25,Paraíba,2025,11
2192.0,26,Pernambuco,2025,11
719.0,27,Alagoas,2025,11
533.0,28,Sergipe,2025,11
2985.0,29,Bahia,2025,11
5412.0,31,Minas Gerais,2025,11
985.0,32,Espírito Santo,2025,11
4607.0,33,Rio de Janeiro,2025,11
11617.0,35,São Paulo,2025,11
3372.0,41,Paraná,2025,11
2157.0,42,Santa Catarina,2025,11
3466.0,43,Rio Grande do Sul,2025,11
705.0,50,Mato Grosso do Sul,2025,11
683.0,51,Mato Grosso,2025,11
1260.0,52,Goiás,2025,11
548.0,53,Distrito Federal,2025,11
377.0,11,Rondônia,2025,8
126.0,12,Acre,2025,8
894.0,13,Amazonas,2025,8
87.0,14,Roraima,2025,8
1428.0,15,Pará,2025,8
157.0,16,Amapá,2025,8
318.0,17,Tocantins,2025,8
1250.0,21,Maranhão,2025,8
661.0,22,Piauí,2025,8
1925.0,23,Ceará,2025,8
712.0,24,Rio Grande do Norte,2025,8
1216.0,25,Paraíba,2025,8
2448.0,26,Pernambuco,2025,8
716.0,27,Alagoas,2025,8
555.0,28,Sergipe,2025,8
3345.0,29,Bahia,2025,8
6463.0,31,Minas Gerais,2025,8
1167.0,32,Espírito Santo,2025,8
5135.0,33,Rio de Janeiro,2025,8
13300.0,35,São Paulo,2025,8
3714.0,41,Paraná,2025,8
2441.0,42,Santa Catarina,2025,8
4137.0,43,Rio Grande do Sul,2025,8
816.0,50,Mato Grosso do Sul,2025,8
679.0,51,Mato Grosso,2025,8
1449.0,52,Goiás,2025,8
603.0,53,Distrito Federal,2025,8
429.0,11,Rondônia,2025,7
157.0,12,Acre,2025,7
770.0,13,Amazonas,2025,7
82.0,14,Roraima,2025,7
1340.0,15,Pará,2025,7
122.0,16,Amapá,2025,7
427.0,17,Tocantins,2025,7
1313.0,21,Maranhão,2025,7
675.0,22,Piauí,2025,7
1943.0,23,Ceará,2025,7
754.0,24,Rio Grande do Norte,2025,7
1199.0,25,Paraíba,2025,7
2489.0,26,Pernambuco,2025,7
757.0,27,Alagoas,2025,7
434.0,28,Sergipe,2025,7
3479.0,29,Bahia,2025,7
6657.0,31,Minas Gerais,2025,7
1113.0,32,Espírito Santo,2025,7
5400.0,33,Rio de Janeiro,2025,7
13830.0,35,São Paulo,2025,7
3922.0,41,Paraná,2025,7
2622.0,42,Santa Catarina,2025,7
4398.0,43,Rio Grande do Sul,2025,7
760.0,50,Mato Grosso do Sul,2025,7
773.0,51,Mato Grosso,2025,7
1547.0,52,Goiás,2025,7
664.0,53,Distrito Federal,2025,7
369.0,11,Rondônia,2025,6
207.0,12,Acre,2025,6
772.0,13,Amazonas,2025,6
76.0,14,Roraima,2025,6
1501.0,15,Pará,2025,6
154.0,16,Amapá,2025,6
269.0,17,Tocantins,2025,6
1394.0,21,Maranhão,2025,6
709.0,22,Piauí,2025,6
1894.0,23,Ceará,2025,6
697.0,24,Rio Grande do Norte,2025,6
1123.0,25,Paraíba,2025,6
2406.0,26,Pernambuco,2025,6
601.0,27,Alagoas,2025,6
420.0,28,Sergipe,2025,6
3349.0,29,Bahia,2025,6
6596.0,31,Minas Gerais,2025,6
1121.0,32,Espírito Santo,2025,6
5501.0,33,Rio de Janeiro,2025,6
13417.0,35,São Paulo,2025,6
3847.0,41,Paraná,2025,6
2385.0,42,Santa Catarina,2025,6
4124.0,43,Rio Grande do Sul,2025,6
771.0,50,Mato Grosso do Sul,2025,6
781.0,51,Mato Grosso,2025,6
1447.0,52,Goiás,2025,6
577.0,53,Distrito Federal,2025,6
369.0,11,Rondônia,2025,5
152.0,12,Acre,2025,5
575.0,13,Amazonas,2025,5
96.0,14,Roraima,2025,5
1463.0,15,Pará,2025,5
148.0,16,Amapá,2025,5
300.0,17,Tocantins,2025,5
1354.0,21,Maranhão,2025,5
684.0,22,Piauí,2025,5
2226.0,23,Ceará,2025,5
807.0,24,Rio Grande do Norte,2025,5
1041.0,25,Paraíba,2025,5
2448.0,26,Pernambuco,2025,5
651.0,27,Alagoas,2025,5
455.0,28,Sergipe,2025,5
3208.0,29,Bahia,2025,5
6272.0,31,Minas Gerais,2025,5
1154.0,32,Espírito Santo,2025,5
4934.0,33,Rio de Janeiro,2025,5
13413.0,35,São Paulo,2025,5
3572.0,41,Paraná,2025,5
2201.0,42,Santa Catarina,2025,5
3836.0,43,Rio Grande do Sul,2025,5
777.0,50,Mato Grosso do Sul,2025,5
774.0,51,Mato Grosso,2025,5
1506.0,52,Goiás,2025,5
599.0,53,Distrito Federal,2025,5
382.0,11,Rondônia,2025,4
159.0,12,Acre,2025,4
590.0,13,Amazonas,2025,4
83.0,14,Roraima,2025,4
1355.0,15,Pará,2025,4
139.0,16,Amapá,2025,4
261.0,17,Tocantins,2025,4
1195.0,21,Maranhão,2025,4
647.0,22,Piauí,2025,4
1934.0,23,Ceará,2025,4
676.0,24,Rio Grande do Norte,2025,4
929.0,25,Paraíba,2025,4
2263.0,26,Pernambuco,2025,4
633.0,27,Alagoas,2025,4
449.0,28,Sergipe,2025,4
2944.0,29,Bahia,2025,4
5349.0,31,Minas Gerais,2025,4
870.0,32,Espírito Santo,2025,4
4712.0,33,Rio de Janeiro,2025,4
11590.0,35,São Paulo,2025,4
3122.0,41,Paraná,2025,4
1899.0,42,Santa Catarina,2025,4
3640.0,43,Rio Grande do Sul,2025,4
761.0,50,Mato Grosso do Sul,2025,4
659.0,51,Mato Grosso,2025,4
1212.0,52,Goiás,2025,4
516.0,53,Distrito Federal,2025,4
316.0,11,Rondônia,2025,3
169.0,12,Acre,2025,3
609.0,13,Amazonas,2025,3
101.0,14,Roraima,2025,3
1338.0,15,Pará,2025,3
83.0,16,Amapá,2025,3
328.0,17,Tocantins,2025,3
1251.0,21,Maranhão,2025,3
716.0,22,Piauí,2025,3
1928.0,23,Ceará,2025,3
760.0,24,Rio Grande do Norte,2025,3
1038.0,25,Paraíba,2025,3
2364.0,26,Pernambuco,2025,3
607.0,27,Alagoas,2025,3
499.0,28,Sergipe,2025,3
3111.0,29,Bahia,2025,3
5621.0,31,Minas Gerais,2025,3
1020.0,32,Espírito Santo,2025,3
4663.0,33,Rio de Janeiro,2025,3
11945.0,35,São Paulo,2025,3
3132.0,41,Paraná,2025,3
1932.0,42,Santa Catarina,2025,3
3421.0,43,Rio Grande do Sul,2025,3
691.0,50,Mato Grosso do Sul,2025,3
816.0,51,Mato Grosso,2025,3
1407.0,52,Goiás,2025,3
590.0,53,Distrito Federal,2025,3
330.0,11,Rondônia,2025,2
132.0,12,Acre,2025,2
525.0,13,Amazonas,2025,2
73.0,14,Roraima,2025,2
1411.0,15,Pará,2025,2
108.0,16,Amapá,2025,2
286.0,17,Tocantins,2025,2
1160.0,21,Maranhão,2025,2
630.0,22,Piauí,2025,2
1857.0,23,Ceará,2025,2
631.0,24,Rio Grande do Norte,2025,2
971.0,25,Paraíba,2025,2
2107.0,26,Pernambuco,2025,2
643.0,27,Alagoas,2025,2
459.0,28,Sergipe,2025,2
2764.0,29,Bahia,2025,2
5637.0,31,Minas Gerais,2025,2
926.0,32,Espírito Santo,2025,2
4729.0,33,Rio de Janeiro,2025,2
11083.0,35,São Paulo,2025,2
3162.0,41,Paraná,2025,2
1985.0,42,Santa Catarina,2025,2
3325.0,43,Rio Grande do Sul,2025,2
655.0,50,Mato Grosso do Sul,2025,2
637.0,51,Mato Grosso,2025,2
1246.0,52,Goiás,2025,2
505.0,53,Distrito Federal,2025,2
358.0,11,Rondônia,2025,1
151.0,12,Acre,2025,1
755.0,13,Amazonas,2025,1
91.0,14,Roraima,2025,1
1279.0,15,Pará,2025,1
108.0,16,Amapá,2025,1
343.0,17,Tocantins,2025,1
1243.0,21,Maranhão,2025,1
699.0,22,Piauí,2025,1
2113.0,23,Ceará,2025,1
681.0,24,Rio Grande do Norte,2025,1
1195.0,25,Paraíba,2025,1
2343.0,26,Pernambuco,2025,1
690.0,27,Alagoas,2025,1
460.0,28,Sergipe,2025,1
2896.0,29,Bahia,2025,1
6086.0,31,Minas Gerais,2025,1
922.0,32,Espírito Santo,2025,1
5255.0,33,Rio de Janeiro,2025,1
12105.0,35,São Paulo,2025,1
3586.0,41,Paraná,2025,1
2142.0,42,Santa Catarina,2025,1
3454.0,43,Rio Grande do Sul,2025,1
796.0,50,Mato Grosso do Sul,2025,1
759.0,51,Mato Grosso,2025,1
1398.0,52,Goiás,2025,1
652.0,53,Distrito Federal,2025,1
