texto,categoria,metadados_json
"Óbitos hospitalares registrados no SIH em Acre durante 2023, por mês: janeiro: 108, fevereiro: 141, março: 152, abril: 183, maio: 199, junho: 181, julho: 178, agosto: 161, setembro: 113, outubro: 94, novembro: 177, dezembro: 99. Total de óbitos no ano: 1786.",resumo_obitos_mes,"{""categoria"": ""resumo_obitos_mes"", ""uf_nome"": ""Acre"", ""co_uf_ibge"": 12, ""ano"": 2023}"
"Óbitos hospitalares registrados no SIH em Acre durante 2024, por mês: janeiro: 126, fevereiro: 153, março: 182, abril: 150, maio: 145, junho: 137, julho: 183, agosto: 147, setembro: 149, outubro: 159, novembro: 151, dezembro: 123. Total de óbitos no ano: 1805.",resumo_obitos_mes,"{""categoria"": ""resumo_obitos_mes"", ""uf_nome"": ""Acre"", ""co_uf_ibge"": 12, ""ano"": 2024}"
"Óbitos hospitalares registrados no SIH em Acre durante 2025, por mês: janeiro: 151, fevereiro: 132, março: 169, abril: 159, maio: 152, junho: 207, julho: 157, agosto: 126, setembro: 138, outubro: 159, novembro: 137, dezembro: 104. Total de óbitos no ano: 1791.",resumo_obitos_mes,"{""categoria"": ""resumo_obitos_mes"", ""uf_nome"": ""Acre"", ""co_uf_ibge"": 12, ""ano"": 2025}"
"Óbitos hospitalares registrados no SIH em Alagoas durante 2023, por mês: janeiro: 654, fevereiro: 596, março: 598, abril: 582, maio: 640, junho: 626, julho: 761, agosto: 732, setembro: 675, outubro: 681, novembro: 684, dezembro: 697. Total de óbitos no ano: 7926.",resumo_obitos_mes,"{""categoria"": ""resumo_obitos_mes"", ""uf_nome"": ""Alagoas"", ""co_uf_ibge"": 27, ""ano"": 2023}"
"Óbitos hospitalares registrados no SIH em Alagoas durante 2024, por mês: janeiro: 638, fevereiro: 619, março: 628, abril: 681, maio: 707, junho: 647, julho: 668, agosto: 660, setembro: 627, outubro: 694, novembro: 564, dezembro: 643. Total de óbitos no ano: 7776.",resumo_obitos_mes,"{""categoria"": ""resumo_obitos_mes"", ""uf_nome"": ""Alagoas"", ""co_uf_ibge"": 27, ""ano"": 2024}"
"Óbitos hospitalares registrados no SIH em Alagoas durante 2025, por mês: janeiro: 690, fevereiro: 643, março: 607, abril: 633, maio: 651, junho: 601, julho: 757, agosto: 716, setembro: 717, outubro: 703, novembro: 719, dezembro: 612. Total de óbitos no ano: 8049.",resumo_obitos_mes,"{""categoria"": ""resumo_obitos_mes"", ""uf_nome"": ""Alagoas"", ""co_uf_ibge"": 27, ""ano"": 2025}"
"Óbitos hospitalares registrados no SIH em Amapá durante 2023, por mês: janeiro: 123, fevereiro: 132, março: 126, abril: 147, maio: 157, junho: 125, julho: 114, agosto: 128, setembro: 114, outubro: 96, novembro: 127, dezembro: 140. Total de óbitos no ano: 1529.",resumo_obitos_mes,"{""categoria"": ""resumo_obitos_mes"", ""uf_nome"": ""Amapá"", ""co_uf_ibge"": 16, ""ano"": 2023}"
"Óbitos hospitalares registrados no SIH em Amapá durante 2024, por mês: janeiro: 140, fevereiro: 130, março: 127, abril: 116, maio: 111, junho: 120, julho: 141, agosto: 105, setembro: 103, outubro: 120, novembro: 112, dezembro: 109. Total de óbitos no ano: 1434.",resumo_obitos_mes,"{""categoria"": ""resumo_obitos_mes"", ""uf_nome"": ""Amapá"", ""co_uf_ibge"": 16, ""ano"": 2024}"
"Óbitos hospitalares registrados no SIH em Amapá durante 2025, por mês: janeiro: 108, fevereiro: 108, março: 83, abril: 139, maio: 148, junho: 154, julho: 122, agosto: 157, setembro: 83, outubro: 113, novembro: 127, dezembro: 101. Total de óbitos no ano: 1443.",resumo_obitos_mes,"{""categoria"": ""resumo_obitos_mes"", ""uf_nome"": ""Amapá"", ""co_uf_ibge"": 16, ""ano"": 2025}"
"Óbitos hospitalares registrados no SIH em Amazonas durante 2023, por mês: janeiro: 684, fevereiro: 619, março: 665, abril: 624, maio: 659, junho: 706, julho: 757, agosto: 657, setembro: 446, outubro: 479, novembro: 393, dezembro: 357. Total de óbitos no ano: 7046.",resumo_obitos_mes,"{""categoria"": ""resumo_obitos_mes"", ""uf_nome"": ""Amazonas"", ""co_uf_ibge"": 13, ""ano"": 2023}"
"Óbitos hospitalares registrados no SIH em Amazonas durante 2024, por mês: janeiro: 487, fevereiro: 566, março: 626, abril: 692, maio: 683, junho: 654, julho: 586, agosto: 581, setembro: 694, outubro: 585, novembro: 503, dezembro: 413. Total de óbitos no ano: 7070.",resumo_obitos_mes,"{""categoria"": ""resumo_obitos_mes"", ""uf_nome"": ""Amazonas"", ""co_uf_ibge"": 13, ""ano"": 2024}"
"Óbitos hospitalares registrados no SIH em Amazonas durante 2025, por mês: janeiro: 755, fevereiro: 525, março: 609, abril: 590, maio: 575, junho: 772, julho: 770, agosto: 894, setembro: 684, outubro: 811, novembro: 634, dezembro: 601. Total de óbitos no ano: 8220.",resumo_obitos_mes,"{""categoria"": ""resumo_obitos_mes"", ""uf_nome"": ""Amazonas"", ""co_uf_ibge"": 13, ""ano"": 2025}"
"Óbitos hospitalares registrados no SIH em Bahia durante 2023, por mês: janeiro: 2771, fevereiro: 2709, março: 2672, abril: 2822, maio: 2869, junho: 2968, julho: 3277, agosto: 3036, setembro: 2888, outubro: 2911, novembro: 2741, dezembro: 2872. Total de óbitos no ano: 34536.",resumo_obitos_mes,"{""categoria"": ""resumo_obitos_mes"", ""uf_nome"": ""Bahia"", ""co_uf_ibge"": 29, ""ano"": 2023}"
"Óbitos hospitalares registrados no SIH em Bahia durante 2024, por mês: janeiro: 2901, fevereiro: 2884, março: 3177, abril: 3300, maio: 3174, junho: 2925, julho: 3336, agosto: 3244, setembro: 2990, outubro: 3008, novembro: 3038, dezembro: 2702. Total de óbitos no ano: 36679.",resumo_obitos_mes,"{""categoria"": ""resumo_obitos_mes"", ""uf_nome"": ""Bahia"", ""co_uf_ibge"": 29, ""ano"": 2024}"
"Óbitos hospitalares registrados no SIH em Bahia durante 2025, por mês: janeiro: 2896, fevereiro: 2764, março: 3111, abril: 2944, maio: 3208, junho: 3349, julho: 3479, agosto: 3345, setembro: 3325, outubro: 3251, novembro: 2985, dezembro: 2869. Total de óbitos no ano: 37526.",resumo_obitos_mes,"{""categoria"": ""resumo_obitos_mes"", ""uf_nome"": ""Bahia"", ""co_uf_ibge"": 29, ""ano"": 2025}"
"Óbitos hospitalares registrados no SIH em Ceará durante 2023, por mês: janeiro: 1924, fevereiro: 1811, março: 1848, abril: 1926, maio: 2094, junho: 1902, julho: 1922, agosto: 1848, setembro: 1826, outubro: 1779, novembro: 1874, dezembro: 1806. Total de óbitos no ano: 22560.",resumo_obitos_mes,"{""categoria"": ""resumo_obitos_mes"", ""uf_nome"": ""Ceará"", ""co_uf_ibge"": 23, ""ano"": 2023}"
"Óbitos hospitalares registrados no SIH em Ceará durante 2024, por mês: janeiro: 1978, fevereiro: 1735, março: 1822, abril: 2144, maio: 2172, junho: 2077, julho: 1991, agosto: 2066, setembro: 2113, outubro: 2045, novembro: 1746, dezembro: 1930. Total de óbitos no ano: 23819.",resumo_obitos_mes,"{""categoria"": ""resumo_obitos_mes"", ""uf_nome"": ""Ceará"", ""co_uf_ibge"": 23, ""ano"": 2024}"
"Óbitos hospitalares registrados no SIH em Ceará durante 2025, por mês: janeiro: 2113, fevereiro: 1857, março: 1928, abril: 1934, maio: 2226, junho: 1894, julho: 1943, agosto: 1925, setembro: 2112, outubro: 1946, novembro: 1806, dezembro: 1924. Total de óbitos no ano: 23608.",resumo_obitos_mes,"{""categoria"": ""resumo_obitos_mes"", ""uf_nome"": ""Ceará"", ""co_uf_ibge"": 23, ""ano"": 2025}"
"Óbitos hospitalares registrados no SIH em Distrito Federal durante 2023, por mês: janeiro: 549, fevereiro: 507, março: 615, abril: 564, maio: 547, junho: 629, julho: 613, agosto: 573, setembro: 578, outubro: 602, novembro: 592, dezembro: 594. Total de óbitos no ano: 6963.",resumo_obitos_mes,"{""categoria"": ""resumo_obitos_mes"", ""uf_nome"": ""Distrito Federal"", ""co_uf_ibge"": 53, ""ano"": 2023}"
"Óbitos hospitalares registrados no SIH em Distrito Federal durante 2024, por mês: janeiro: 653, fevereiro: 581, março: 610, abril: 651, maio: 653, junho: 562, julho: 615, agosto: 630, setembro: 574, outubro: 571, novembro: 554, dezembro: 525. Total de óbitos no ano: 7179.",resumo_obitos_mes,"{""categoria"": ""resumo_obitos_mes"", ""uf_nome"": ""Distrito Federal"", ""co_uf_ibge"": 53, ""ano"": 2024}"
"Óbitos hospitalares registrados no SIH em Distrito Federal durante 2025, por mês: janeiro: 652, fevereiro: 505, março: 590, abril: 516, maio: 599, junho: 577, julho: 664, agosto: 603, setembro: 633, outubro: 603, novembro: 548, dezembro: 576. Total de óbitos no ano: 7066.",resumo_obitos_mes,"{""categoria"": ""resumo_obitos_mes"", ""uf_nome"": ""Distrito Federal"", ""co_uf_ibge"": 53, ""ano"": 2025}"
"Óbitos hospitalares registrados no SIH em Espírito Santo durante 2023, por mês: janeiro: 987, fevereiro: 781, março: 974, abril: 909, maio: 933, junho: 1010, julho: 996, agosto: 1082, setembro: 999, outubro: 1090, novembro: 968, dezembro: 929. Total de óbitos no ano: 11658.",resumo_obitos_mes,"{""categoria"": ""resumo_obitos_mes"", ""uf_nome"": ""Espírito Santo"", ""co_uf_ibge"": 32, ""ano"": 2023}"
"Óbitos hospitalares registrados no SIH em Espírito Santo durante 2024, por mês: janeiro: 908, fevereiro: 890, março: 970, abril: 1001, maio: 1027, junho: 1070, julho: 1059, agosto: 983, setembro: 1014, outubro: 1080, novembro: 964, dezembro: 1002. Total de óbitos no ano: 11968.",resumo_obitos_mes,"{""categoria"": ""resumo_obitos_mes"", ""uf_nome"": ""Espírito Santo"", ""co_uf_ibge"": 32, ""ano"": 2024}"
"Óbitos hospitalares registrados no SIH em Espírito Santo durante 2025, por mês: janeiro: 922, fevereiro: 926, março: 1020, abril: 870, maio: 1154, junho: 1121, julho: 1113, agosto: 1167, setembro: 1070, outubro: 1138, novembro: 985, dezembro: 1038. Total de óbitos no ano: 12524.",resumo_obitos_mes,"{""categoria"": ""resumo_obitos_mes"", ""uf_nome"": ""Espírito Santo"", ""co_uf_ibge"": 32, ""ano"": 2025}"
"Óbitos hospitalares registrados no SIH em Goiás durante 2023, por mês: janeiro: 1288, fevereiro: 1129, março: 1359, abril: 1274, maio: 1375, junho: 1171, julho: 1365, agosto: 1295, setembro: 1257, outubro: 1263, novembro: 1285, dezembro: 1243. Total de óbitos no ano: 15304.",resumo_obitos_mes,"{""categoria"": ""resumo_obitos_mes"", ""uf_nome"": ""Goiás"", ""co_uf_ibge"": 52, ""ano"": 2023}"
"Óbitos hospitalares registrados no SIH em Goiás durante 2024, por mês: janeiro: 1226, fevereiro: 1176, março: 1306, abril: 1427, maio: 1405, junho: 1331, julho: 1454, agosto: 1385, setembro: 1377, outubro: 1320, novembro: 1181, dezembro: 1332. Total de óbitos no ano: 15920.",resumo_obitos_mes,"{""categoria"": ""resumo_obitos_mes"", ""uf_nome"": ""Goiás"", ""co_uf_ibge"": 52, ""ano"": 2024}"
"Óbitos hospitalares registrados no SIH em Goiás durante 2025, por mês: janeiro: 1398, fevereiro: 1246, março: 1407, abril: 1212, maio: 1506, junho: 1447, julho: 1547, agosto: 1449, setembro: 1344, outubro: 1394, novembro: 1260, dezembro: 1274. Total de óbitos no ano: 16484.",resumo_obitos_mes,"{""categoria"": ""resumo_obitos_mes"", ""uf_nome"": ""Goiás"", ""co_uf_ibge"": 52, ""ano"": 2025}"
"Óbitos hospitalares registrados no SIH em Maranhão durante 2023, por mês: janeiro: 1159, fevereiro: 1172, março: 1092, abril: 1107, maio: 1242, junho: 1176, julho: 1228, agosto: 1076, setembro: 1163, outubro: 1032, novembro: 1189, dezembro: 1137. Total de óbitos no ano: 13773.",resumo_obitos_mes,"{""categoria"": ""resumo_obitos_mes"", ""uf_nome"": ""Maranhão"", ""co_uf_ibge"": 21, ""ano"": 2023}"
"Óbitos hospitalares registrados no SIH em Maranhão durante 2024, por mês: janeiro: 1293, fevereiro: 1098, março: 1206, abril: 1218, maio: 1355, junho: 1205, julho: 1230, agosto: 1119, setembro: 1186, outubro: 1243, novembro: 1150, dezembro: 1230. Total de óbitos no ano: 14533.",resumo_obitos_mes,"{""categoria"": ""resumo_obitos_mes"", ""uf_nome"": ""Maranhão"", ""co_uf_ibge"": 21, ""ano"": 2024}"
"Óbitos hospitalares registrados no SIH em Maranhão durante 2025, por mês: janeiro: 1243, fevereiro: 1160, março: 1251, abril: 1195, maio: 1354, junho: 1394, julho: 1313, agosto: 1250, setembro: 1289, outubro: 1234, novembro: 1182, dezembro: 1251. Total de óbitos no ano: 15116.",resumo_obitos_mes,"{""categoria"": ""resumo_obitos_mes"", ""uf_nome"": ""Maranhão"", ""co_uf_ibge"": 21, ""ano"": 2025}"
"Óbitos hospitalares registrados no SIH em Mato Grosso durante 2023, por mês: janeiro: 530, fevereiro: 528, março: 592, abril: 595, maio: 635, junho: 628, julho: 582, agosto: 596, setembro: 626, outubro: 562, novembro: 593, dezembro: 512. Total de óbitos no ano: 6979.",resumo_obitos_mes,"{""categoria"": ""resumo_obitos_mes"", ""uf_nome"": ""Mato Grosso"", ""co_uf_ibge"": 51, ""ano"": 2023}"
"Óbitos hospitalares registrados no SIH em Mato Grosso durante 2024, por mês: janeiro: 622, fevereiro: 546, março: 617, abril: 645, maio: 736, junho: 678, julho: 746, agosto: 799, setembro: 688, outubro: 691, novembro: 607, dezembro: 617. Total de óbitos no ano: 7992.",resumo_obitos_mes,"{""categoria"": ""resumo_obitos_mes"", ""uf_nome"": ""Mato Grosso"", ""co_uf_ibge"": 51, ""ano"": 2024}"
"Óbitos hospitalares registrados no SIH em Mato Grosso durante 2025, por mês: janeiro: 759, fevereiro: 637, março: 816, abril: 659, maio: 774, junho: 781, julho: 773, agosto: 679, setembro: 680, outubro: 636, novembro: 683, dezembro: 593. Total de óbitos no ano: 8470.",resumo_obitos_mes,"{""categoria"": ""resumo_obitos_mes"", ""uf_nome"": ""Mato Grosso"", ""co_uf_ibge"": 51, ""ano"": 2025}"
"Óbitos hospitalares registrados no SIH em Mato Grosso do Sul durante 2023, por mês: janeiro: 671, fevereiro: 690, março: 712, abril: 756, maio: 706, junho: 695, julho: 702, agosto: 832, setembro: 664, outubro: 730, novembro: 759, dezembro: 762. Total de óbitos no ano: 8679.",resumo_obitos_mes,"{""categoria"": ""resumo_obitos_mes"", ""uf_nome"": ""Mato Grosso do Sul"", ""co_uf_ibge"": 50, ""ano"": 2023}"
"Óbitos hospitalares registrados no SIH em Mato Grosso do Sul durante 2024, por mês: janeiro: 757, fevereiro: 625, março: 655, abril: 693, maio: 678, junho: 785, julho: 805, agosto: 820, setembro: 837, outubro: 858, novembro: 726, dezembro: 661. Total de óbitos no ano: 8900.",resumo_obitos_mes,"{""categoria"": ""resumo_obitos_mes"", ""uf_nome"": ""Mato Grosso do Sul"", ""co_uf_ibge"": 50, ""ano"": 2024}"
"Óbitos hospitalares registrados no SIH em Mato Grosso do Sul durante 2025, por mês: janeiro: 796, fevereiro: 655, março: 691, abril: 761, maio: 777, junho: 771, julho: 760, agosto: 816, setembro: 753, outubro: 768, novembro: 705, dezembro: 619. Total de óbitos no ano: 8872.",resumo_obitos_mes,"{""categoria"": ""resumo_obitos_mes"", ""uf_nome"": ""Mato Grosso do Sul"", ""co_uf_ibge"": 50, ""ano"": 2025}"
"Óbitos hospitalares registrados no SIH em Minas Gerais durante 2023, por mês: janeiro: 5536, fevereiro: 4984, março: 5663, abril: 5409, maio: 5881, junho: 5891, julho: 6082, agosto: 5907, setembro: 5709, outubro: 5868, novembro: 5949, dezembro: 5803. Total de óbitos no ano: 68682.",resumo_obitos_mes,"{""categoria"": ""resumo_obitos_mes"", ""uf_nome"": ""Minas Gerais"", ""co_uf_ibge"": 31, ""ano"": 2023}"
"Óbitos hospitalares registrados no SIH em Minas Gerais durante 2024, por mês: janeiro: 5816, fevereiro: 5716, março: 6265, abril: 6366, maio: 6100, junho: 6192, julho: 6371, agosto: 6313, setembro: 6060, outubro: 5986, novembro: 5606, dezembro: 5723. Total de óbitos no ano: 72514.",resumo_obitos_mes,"{""categoria"": ""resumo_obitos_mes"", ""uf_nome"": ""Minas Gerais"", ""co_uf_ibge"": 31, ""ano"": 2024}"
"Óbitos hospitalares registrados no SIH em Minas Gerais durante 2025, por mês: janeiro: 6086, fevereiro: 5637, março: 5621, abril: 5349, maio: 6272, junho: 6596, julho: 6657, agosto: 6463, setembro: 6087, outubro: 5931, novembro: 5412, dezembro: 5501. Total de óbitos no ano: 71612.",resumo_obitos_mes,"{""categoria"": ""resumo_obitos_mes"", ""uf_nome"": ""Minas Gerais"", ""co_uf_ibge"": 31, ""ano"": 2025}"
"Óbitos hospitalares registrados no SIH em Paraná durante 2023, por mês: janeiro: 3283, fevereiro: 2908, março: 3162, abril: 2968, maio: 3353, junho: 3316, julho: 3455, agosto: 3590, setembro: 3322, outubro: 3215, novembro: 3264, dezembro: 3225. Total de óbitos no ano: 39061.",resumo_obitos_mes,"{""categoria"": ""resumo_obitos_mes"", ""uf_nome"": ""Paraná"", ""co_uf_ibge"": 41, ""ano"": 2023}"
"Óbitos hospitalares registrados no SIH em Paraná durante 2024, por mês: janeiro: 3288, fevereiro: 3223, março: 3430, abril: 3332, maio: 3597, junho: 3803, julho: 3779, agosto: 3990, setembro: 3820, outubro: 3733, novembro: 3385, dezembro: 3055. Total de óbitos no ano: 42435.",resumo_obitos_mes,"{""categoria"": ""resumo_obitos_mes"", ""uf_nome"": ""Paraná"", ""co_uf_ibge"": 41, ""ano"": 2024}"
"Óbitos hospitalares registrados no SIH em Paraná durante 2025, por mês: janeiro: 3586, fevereiro: 3162, março: 3132, abril: 3122, maio: 3572, junho: 3847, julho: 3922, agosto: 3714, setembro: 3607, outubro: 3577, novembro: 3372, dezembro: 3405. Total de óbitos no ano: 42018.",resumo_obitos_mes,"{""categoria"": ""resumo_obitos_mes"", ""uf_nome"": ""Paraná"", ""co_uf_ibge"": 41, ""ano"": 2025}"
"Óbitos hospitalares registrados no SIH em Paraíba durante 2023, por mês: janeiro: 904, fevereiro: 862, março: 927, abril: 897, maio: 940, junho: 774, julho: 993, agosto: 951, setembro: 884, outubro: 861, novembro: 837, dezembro: 807. Total de óbitos no ano: 10637.",resumo_obitos_mes,"{""categoria"": ""resumo_obitos_mes"", ""uf_nome"": ""Paraíba"", ""co_uf_ibge"": 25, ""ano"": 2023}"
"Óbitos hospitalares registrados no SIH em Paraíba durante 2024, por mês: janeiro: 976, fevereiro: 1030, março: 1243, abril: 1108, maio: 1055, junho: 1042, julho: 1080, agosto: 1064, setembro: 1023, outubro: 1084, novembro: 917, dezembro: 1041. Total de óbitos no ano: 12663.",resumo_obitos_mes,"{""categoria"": ""resumo_obitos_mes"", ""uf_nome"": ""Paraíba"", ""co_uf_ibge"": 25, ""ano"": 2024}"
"Óbitos hospitalares registrados no SIH em Paraíba durante 2025, por mês: janeiro: 1195, fevereiro: 971, março: 1038, abril: 929, maio: 1041, junho: 1123, julho: 1199, agosto: 1216, setembro: 1085, outubro: 1091, novembro: 1120, dezembro: 988. Total de óbitos no ano: 12996.",resumo_obitos_mes,"{""categoria"": ""resumo_obitos_mes"", ""uf_nome"": ""Paraíba"", ""co_uf_ibge"": 25, ""ano"": 2025}"
"Óbitos hospitalares registrados no SIH em Pará durante 2023, por mês: janeiro: 1217, fevereiro: 1189, março: 1269, abril: 1181, maio: 1194, junho: 1190, julho: 1215, agosto: 1261, setembro: 1175, outubro: 1102, novembro: 1167, dezembro: 1121. Total de óbitos no ano: 14281.",resumo_obitos_mes,"{""categoria"": ""resumo_obitos_mes"", ""uf_nome"": ""Pará"", ""co_uf_ibge"": 15, ""ano"": 2023}"
"Óbitos hospitalares registrados no SIH em Pará durante 2024, por mês: janeiro: 1169, fevereiro: 1160, março: 1267, abril: 1307, maio: 1250, junho: 1246, julho: 1330, agosto: 1242, setembro: 1159, outubro: 1264, novembro: 1255, dezembro: 1227. Total de óbitos no ano: 14876.",resumo_obitos_mes,"{""categoria"": ""resumo_obitos_mes"", ""uf_nome"": ""Pará"", ""co_uf_ibge"": 15, ""ano"": 2024}"
"Óbitos hospitalares registrados no SIH em Pará durante 2025, por mês: janeiro: 1279, fevereiro: 1411, março: 1338, abril: 1355, maio: 1463, junho: 1501, julho: 1340, agosto: 1428, setembro: 1341, outubro: 1367, novembro: 1296, dezembro: 1273. Total de óbitos no ano: 16392.",resumo_obitos_mes,"{""categoria"": ""resumo_obitos_mes"", ""uf_nome"": ""Pará"", ""co_uf_ibge"": 15, ""ano"": 2025}"
"Óbitos hospitalares registrados no SIH em Pernambuco durante 2023, por mês: janeiro: 2182, fevereiro: 2035, março: 2349, abril: 2105, maio: 2333, junho: 2211, julho: 2511, agosto: 2313, setembro: 1853, outubro: 2522, novembro: 2137, dezembro: 2267. Total de óbitos no ano: 26818.",resumo_obitos_mes,"{""categoria"": ""resumo_obitos_mes"", ""uf_nome"": ""Pernambuco"", ""co_uf_ibge"": 26, ""ano"": 2023}"
"Óbitos hospitalares registrados no SIH em Pernambuco durante 2024, por mês: janeiro: 2228, fevereiro: 2187, março: 2415, abril: 2454, maio: 2421, junho: 2382, julho: 2365, agosto: 2534, setembro: 2357, outubro: 2445, novembro: 2108, dezembro: 2341. Total de óbitos no ano: 28237.",resumo_obitos_mes,"{""categoria"": ""resumo_obitos_mes"", ""uf_nome"": ""Pernambuco"", ""co_uf_ibge"": 26, ""ano"": 2024}"
"Óbitos hospitalares registrados no SIH em Pernambuco durante 2025, por mês: janeiro: 2343, fevereiro: 2107, março: 2364, abril: 2263, maio: 2448, junho: 2406, julho: 2489, agosto: 2448, setembro: 2368, outubro: 2386, novembro: 2192, dezembro: 2377. Total de óbitos no ano: 28191.",resumo_obitos_mes,"{""categoria"": ""resumo_obitos_mes"", ""uf_nome"": ""Pernambuco"", ""co_uf_ibge"": 26, ""ano"": 2025}"
"Óbitos hospitalares registrados no SIH em Piauí durante 2023, por mês: janeiro: 702, fevereiro: 595, março: 661, abril: 618, maio: 663, junho: 653, julho: 741, agosto: 714, setembro: 752, outubro: 696, novembro: 666, dezembro: 778. Total de óbitos no ano: 8239.",resumo_obitos_mes,"{""categoria"": ""resumo_obitos_mes"", ""uf_nome"": ""Piauí"", ""co_uf_ibge"": 22, ""ano"": 2023}"
"Óbitos hospitalares registrados no SIH em Piauí durante 2024, por mês: janeiro: 773, fevereiro: 634, março: 703, abril: 818, maio: 784, junho: 686, julho: 712, agosto: 678, setembro: 679, outubro: 653, novembro: 624, dezembro: 655. Total de óbitos no ano: 8399.",resumo_obitos_mes,"{""categoria"": ""resumo_obitos_mes"", ""uf_nome"": ""Piauí"", ""co_uf_ibge"": 22, ""ano"": 2024}"
"Óbitos hospitalares registrados no SIH em Piauí durante 2025, por mês: janeiro: 699, fevereiro: 630, março: 716, abril: 647, maio: 684, junho: 709, julho: 675, agosto: 661, setembro: 647, outubro: 709, novembro: 612, dezembro: 752. Total de óbitos no ano: 8141.",resumo_obitos_mes,"{""categoria"": ""resumo_obitos_mes"", ""uf_nome"": ""Piauí"", ""co_uf_ibge"": 22, ""ano"": 2025}"
"Óbitos hospitalares registrados no SIH em Rio Grande do Norte durante 2023, por mês: janeiro: 649, fevereiro: 533, março: 621, abril: 540, maio: 600, junho: 646, julho: 653, agosto: 563, setembro: 619, outubro: 680, novembro: 647, dezembro: 550. Total de óbitos no ano: 7301.",resumo_obitos_mes,"{""categoria"": ""resumo_obitos_mes"", ""uf_nome"": ""Rio Grande do Norte"", ""co_uf_ibge"": 24, ""ano"": 2023}"
"Óbitos hospitalares registrados no SIH em Rio Grande do Norte durante 2024, por mês: janeiro: 677, fevereiro: 671, março: 622, abril: 657, maio: 604, junho: 657, julho: 756, agosto: 637, setembro: 670, outubro: 664, novembro: 705, dezembro: 645. Total de óbitos no ano: 7965.",resumo_obitos_mes,"{""categoria"": ""resumo_obitos_mes"", ""uf_nome"": ""Rio Grande do Norte"", ""co_uf_ibge"": 24, ""ano"": 2024}"
"Óbitos hospitalares registrados no SIH em Rio Grande do Norte durante 2025, por mês: janeiro: 681, fevereiro: 631, março: 760, abril: 676, maio: 807, junho: 697, julho: 754, agosto: 712, setembro: 671, outubro: 638, novembro: 653, dezembro: 639. Total de óbitos no ano: 8319.",resumo_obitos_mes,"{""categoria"": ""resumo_obitos_mes"", ""uf_nome"": ""Rio Grande do Norte"", ""co_uf_ibge"": 24, ""ano"": 2025}"
"Óbitos hospitalares registrados no SIH em Rio Grande do Sul durante 2023, por mês: janeiro: 3455, fevereiro: 3082, março: 3289, abril: 3242, maio: 3584, junho: 3702, julho: 3963, agosto: 3836, setembro: 3569, outubro: 3610, novembro: 3519, dezembro: 3240. Total de óbitos no ano: 42091.",resumo_obitos_mes,"{""categoria"": ""resumo_obitos_mes"", ""uf_nome"": ""Rio Grande do Sul"", ""co_uf_ibge"": 43, ""ano"": 2023}"
"Óbitos hospitalares registrados no SIH em Rio Grande do Sul durante 2024, por mês: janeiro: 3585, fevereiro: 3285, março: 3482, abril: 3554, maio: 3907, junho: 4043, julho: 4283, agosto: 4225, setembro: 3790, outubro: 4105, novembro: 3708, dezembro: 3423. Total de óbitos no ano: 45390.",resumo_obitos_mes,"{""categoria"": ""resumo_obitos_mes"", ""uf_nome"": ""Rio Grande do Sul"", ""co_uf_ibge"": 43, ""ano"": 2024}"
"Óbitos hospitalares registrados no SIH em Rio Grande do Sul durante 2025, por mês: janeiro: 3454, fevereiro: 3325, março: 3421, abril: 3640, maio: 3836, junho: 4124, julho: 4398, agosto: 4137, setembro: 4054, outubro: 3634, novembro: 3466, dezembro: 3442. Total de óbitos no ano: 44931.",resumo_obitos_mes,"{""categoria"": ""resumo_obitos_mes"", ""uf_nome"": ""Rio Grande do Sul"", ""co_uf_ibge"": 43, ""ano"": 2025}"
"Óbitos hospitalares registrados no SIH em Rio de Janeiro durante 2023, por mês: janeiro: 4757, fevereiro: 4145, março: 4715, abril: 4234, maio: 4577, junho: 4962, julho: 4948, agosto: 4786, setembro: 5201, outubro: 5053, novembro: 5043, dezembro: 4760. Total de óbitos no ano: 57181.",resumo_obitos_mes,"{""categoria"": ""resumo_obitos_mes"", ""uf_nome"": ""Rio de Janeiro"", ""co_uf_ibge"": 33, ""ano"": 2023}"
"Óbitos hospitalares registrados no SIH em Rio de Janeiro durante 2024, por mês: janeiro: 4664, fevereiro: 4670, março: 4717, abril: 4554, maio: 4719, junho: 4915, julho: 4947, agosto: 4980, setembro: 4731, outubro: 4668, novembro: 4516, dezembro: 4391. Total de óbitos no ano: 56472.",resumo_obitos_mes,"{""categoria"": ""resumo_obitos_mes"", ""uf_nome"": ""Rio de Janeiro"", ""co_uf_ibge"": 33, ""ano"": 2024}"
"Óbitos hospitalares registrados no SIH em Rio de Janeiro durante 2025, por mês: janeiro: 5255, fevereiro: 4729, março: 4663, abril: 4712, maio: 4934, junho: 5501, julho: 5400, agosto: 5135, setembro: 4963, outubro: 4719, novembro: 4607, dezembro: 4583. Total de óbitos no ano: 59201.",resumo_obitos_mes,"{""categoria"": ""resumo_obitos_mes"", ""uf_nome"": ""Rio de Janeiro"", ""co_uf_ibge"": 33, ""ano"": 2025}"
"Óbitos hospitalares registrados no SIH em Rondônia durante 2023, por mês: janeiro: 351, fevereiro: 211, março: 417, abril: 347, maio: 381, junho: 325, julho: 329, agosto: 362, setembro: 344, outubro: 282, novembro: 291, dezembro: 266. Total de óbitos no ano: 3906.",resumo_obitos_mes,"{""categoria"": ""resumo_obitos_mes"", ""uf_nome"": ""Rondônia"", ""co_uf_ibge"": 11, ""ano"": 2023}"
"Óbitos hospitalares registrados no SIH em Rondônia durante 2024, por mês: janeiro: 343, fevereiro: 286, março: 324, abril: 297, maio: 353, junho: 371, julho: 388, agosto: 334, setembro: 312, outubro: 313, novembro: 301, dezembro: 306. Total de óbitos no ano: 3928.",resumo_obitos_mes,"{""categoria"": ""resumo_obitos_mes"", ""uf_nome"": ""Rondônia"", ""co_uf_ibge"": 11, ""ano"": 2024}"
"Óbitos hospitalares registrados no SIH em Rondônia durante 2025, por mês: janeiro: 358, fevereiro: 330, março: 316, abril: 382, maio: 369, junho: 369, julho: 429, agosto: 377, setembro: 327, outubro: 375, novembro: 365, dezembro: 347. Total de óbitos no ano: 4344.",resumo_obitos_mes,"{""categoria"": ""resumo_obitos_mes"", ""uf_nome"": ""Rondônia"", ""co_uf_ibge"": 11, ""ano"": 2025}"
"Óbitos hospitalares registrados no SIH em Roraima durante 2023, por mês: janeiro: 113, fevereiro: 120, março: 175, abril: 166, maio: 118, junho: 78, julho: 97, agosto: 144, setembro: 105, outubro: 104, novembro: 128, dezembro: 102. Total de óbitos no ano: 1450.",resumo_obitos_mes,"{""categoria"": ""resumo_obitos_mes"", ""uf_nome"": ""Roraima"", ""co_uf_ibge"": 14, ""ano"": 2023}"
"Óbitos hospitalares registrados no SIH em Roraima durante 2024, por mês: janeiro: 90, fevereiro: 83, março: 112, abril: 77, maio: 97, junho: 102, julho: 114, agosto: 106, setembro: 94, outubro: 108, novembro: 80, dezembro: 60. Total de óbitos no ano: 1123.",resumo_obitos_mes,"{""categoria"": ""resumo_obitos_mes"", ""uf_nome"": ""Roraima"", ""co_uf_ibge"": 14, ""ano"": 2024}"
"Óbitos hospitalares registrados no SIH em Roraima durante 2025, por mês: janeiro: 91, fevereiro: 73, março: 101, abril: 83, maio: 96, junho: 76, julho: 82, agosto: 87, setembro: 106, outubro: 80, novembro: 77, dezembro: 69. Total de óbitos no ano: 1021.",resumo_obitos_mes,"{""categoria"": ""resumo_obitos_mes"", ""uf_nome"": ""Roraima"", ""co_uf_ibge"": 14, ""ano"": 2025}"
"Óbitos hospitalares registrados no SIH em Santa Catarina durante 2023, por mês: janeiro: 2039, fevereiro: 1938, março: 1846, abril: 1873, maio: 2089, junho: 2143, julho: 2088, agosto: 1993, setembro: 1956, outubro: 1892, novembro: 1960, dezembro: 1878. Total de óbitos no ano: 23695.",resumo_obitos_mes,"{""categoria"": ""resumo_obitos_mes"", ""uf_nome"": ""Santa Catarina"", ""co_uf_ibge"": 42, ""ano"": 2023}"
"Óbitos hospitalares registrados no SIH em Santa Catarina durante 2024, por mês: janeiro: 2071, fevereiro: 1937, março: 1915, abril: 2074, maio: 2290, junho: 2262, julho: 2460, agosto: 2379, setembro: 2251, outubro: 2307, novembro: 1876, dezembro: 2041. Total de óbitos no ano: 25863.",resumo_obitos_mes,"{""categoria"": ""resumo_obitos_mes"", ""uf_nome"": ""Santa Catarina"", ""co_uf_ibge"": 42, ""ano"": 2024}"
"Óbitos hospitalares registrados no SIH em Santa Catarina durante 2025, por mês: janeiro: 2142, fevereiro: 1985, março: 1932, abril: 1899, maio: 2201, junho: 2385, julho: 2622, agosto: 2441, setembro: 2247, outubro: 2208, novembro: 2157, dezembro: 2127. Total de óbitos no ano: 26346.",resumo_obitos_mes,"{""categoria"": ""resumo_obitos_mes"", ""uf_nome"": ""Santa Catarina"", ""co_uf_ibge"": 42, ""ano"": 2025}"
"Óbitos hospitalares registrados no SIH em Sergipe durante 2023, por mês: janeiro: 476, fevereiro: 411, março: 424, abril: 439, maio: 457, junho: 467, julho: 504, agosto: 492, setembro: 468, outubro: 497, novembro: 500, dezembro: 426. Total de óbitos no ano: 5561.",resumo_obitos_mes,"{""categoria"": ""resumo_obitos_mes"", ""uf_nome"": ""Sergipe"", ""co_uf_ibge"": 28, ""ano"": 2023}"
"Óbitos hospitalares registrados no SIH em Sergipe durante 2024, por mês: janeiro: 460, fevereiro: 486, março: 541, abril: 480, maio: 455, junho: 440, julho: 465, agosto: 445, setembro: 434, outubro: 596, novembro: 471, dezembro: 470. Total de óbitos no ano: 5743.",resumo_obitos_mes,"{""categoria"": ""resumo_obitos_mes"", ""uf_nome"": ""Sergipe"", ""co_uf_ibge"": 28, ""ano"": 2024}"
"Óbitos hospitalares registrados no SIH em Sergipe durante 2025, por mês: janeiro: 460, fevereiro: 459, março: 499, abril: 449, maio: 455, junho: 420, julho: 434, agosto: 555, setembro: 575, outubro: 476, novembro: 533, dezembro: 441. Total de óbitos no ano: 5756.",resumo_obitos_mes,"{""categoria"": ""resumo_obitos_mes"", ""uf_nome"": ""Sergipe"", ""co_uf_ibge"": 28, ""ano"": 2025}"
"Óbitos hospitalares registrados no SIH em São Paulo durante 2023, por mês: janeiro: 11144, fevereiro: 9883, março: 11363, abril: 10894, maio: 11361, junho: 12420, julho: 12447, agosto: 12351, setembro: 11644, outubro: 11365, novembro: 11636, dezembro: 11292. Total de óbitos no ano: 137800.",resumo_obitos_mes,"{""categoria"": ""resumo_obitos_mes"", ""uf_nome"": ""São Paulo"", ""co_uf_ibge"": 35, ""ano"": 2023}"
"Óbitos hospitalares registrados no SIH em São Paulo durante 2024, por mês: janeiro: 11680, fevereiro: 11080, março: 12230, abril: 12619, maio: 13060, junho: 13094, julho: 13426, agosto: 13070, setembro: 12478, outubro: 12115, novembro: 11445, dezembro: 11627. Total de óbitos no ano: 147924.",resumo_obitos_mes,"{""categoria"": ""resumo_obitos_mes"", ""uf_nome"": ""São Paulo"", ""co_uf_ibge"": 35, ""ano"": 2024}"
"Óbitos hospitalares registrados no SIH em São Paulo durante 2025, por mês: janeiro: 12105, fevereiro: 11083, março: 11945, abril: 11590, maio: 13413, junho: 13417, julho: 13830, agosto: 13300, setembro: 12092, outubro: 11999, novembro: 11617, dezembro: 11595. Total de óbitos no ano: 147986.",resumo_obitos_mes,"{""categoria"": ""resumo_obitos_mes"", ""uf_nome"": ""São Paulo"", ""co_uf_ibge"": 35, ""ano"": 2025}"
"Óbitos hospitalares registrados no SIH em Tocantins durante 2023, por mês: janeiro: 252, fevereiro: 221, março: 192, abril: 319, maio: 380, junho: 259, julho: 269, agosto: 270, setembro: 270, outubro: 223, novembro: 259, dezembro: 280. Total de óbitos no ano: 3194.",resumo_obitos_mes,"{""categoria"": ""resumo_obitos_mes"", ""uf_nome"": ""Tocantins"", ""co_uf_ibge"": 17, ""ano"": 2023}"
"Óbitos hospitalares registrados no SIH em Tocantins durante 2024, por mês: janeiro: 302, fevereiro: 324, março: 301, abril: 333, maio: 349, junho: 288, julho: 294, agosto: 297, setembro: 299, outubro: 289, novembro: 279, dezembro: 268. Total de óbitos no ano: 3623.",resumo_obitos_mes,"{""categoria"": ""resumo_obitos_mes"", ""uf_nome"": ""Tocantins"", ""co_uf_ibge"": 17, ""ano"": 2024}"
"Óbitos hospitalares registrados no SIH em Tocantins durante 2025, por mês: janeiro: 343, fevereiro: 286, março: 328, abril: 261, maio: 300, junho: 269, julho: 427, agosto: 318, setembro: 431, outubro: 303, novembro: 241, dezembro: 314. Total de óbitos no ano: 3821.",resumo_obitos_mes,"{""categoria"": ""resumo_obitos_mes"", ""uf_nome"": ""Tocantins"", ""co_uf_ibge"": 17, ""ano"": 2025}"
